,test_labels,preds
0,ADIANTAMENTOS DESPESAS,ADIANTAMENTO A FUNCIONÁRIOS
1,CRÉDITO DE IR/CS,DESPESAS COM P&D
2,DESPESAS ANTECIPADAS,OUTRAS CONTAS A RECEBER
3,ENCARGOS SOCIAIS E TRIBUTÁRIOS A PAGAR,CRÉDITO DE PIS/COFINS
4,DESPESAS FINANCEIRAS,DESPESAS FINANCEIRAS
5,IMOBILIZADO,IMOBILIZADO
6,CAPITAL SOCIAL,CAPITAL SOCIAL
7,IMOBILIZADO,DESPESAS COM P&D
8,VIAGENS & HOSPEDAGENS,DESPESAS COM P&D
9,OUTROS IMPOSTOS A PAGAR,OUTROS IMPOSTOS A PAGAR
10,TARIFAS BANCÁRIAS,DESPESAS GERAIS
11,MARKETING,DESPESAS GERAIS E ADMINISTRATIVAS
12,( + ) ROYATIES,( + ) ROYATIES
13,ATIVO INTANGÍVEL,ATIVO INTANGÍVEL
14,ENCARGOS A PAGAR,OUTRAS DESPESAS COM FOPAG
15,FORNECEDORES,FORNECEDORES NACIONAIS
16,EMPRÉSTIMOS LP,EMPRÉSTIMOS LP
17,DESPESAS INDEDUTÍVEIS,OUTROS RESULTADOS
18,DESPESAS COM TERCEIROS,DESPESAS COM TERCEIROS
19,OUTRAS OBRIGAÇÕES,FORNECEDORES NACIONAIS
20,OUTROS IMPOSTOS E TAXAS,OUTROS IMPOSTOS E TAXAS
21,RESERVA DE CAPITAL,DESPESAS COM P&D
22,DESPESAS COM JUROS,DESPESAS COM P&D
23,DESPESAS COM ENCARGOS,DESPESAS GERAIS
24,RESERVAS,RESERVAS
25,DESPESAS COM FOPAG,DESPESAS COM FOPAG
26,OUTROS IMPOSTOS E TAXAS,OUTROS IMPOSTOS E TAXAS
27,( + ) ROYATIES,( + ) ROYATIES
28,CONTAS A PAGAR,FORNECEDORES NACIONAIS
29,GASTOS DE FABRICAÇÃO,ESTOQUES
30,DESPESAS GERAIS E ADMINISTRATIVAS,DESPESAS GERAIS
31,HUMAN RESOURCES MKT,HUMAN RESOURCES MKT
32,CRÉDITO DE ICMS,CRÉDITO DE IR/CS
33,DESPESAS COM P&D,DESPESAS COM P&D
34,ADIANTAMENTO A FORNECEDORES,EMPRÉSTIMOS A LOJISTAS - LP
35,CAIXA E EQUIVALENTES DE CAIXA,CONTA CORRENTE
36,CUSTOS DOS PRODUTOS VENDIDOS,CUSTOS DOS PRODUTOS VENDIDOS
37,CUSTOS VARIÁVEIS - OUTROS,CUSTOS VARIÁVEIS - OUTROS
38,CRÉDITO DE IR/CS,CRÉDITO DE IR/CS
39,HUMAN RESOURCES - SALES,HUMAN RESOURCES MKT
40,FORNECEDORES NACIONAIS,DESPESAS COM P&D
41,HUMAN RESOURCES - SALES,HUMAN RESOURCES MKT
42,CONTAS A RECEBER,CONTAS A RECEBER
43,DESPESAS COM TELECOM,DESPESAS GERAIS
44,CLIENTES,CLIENTES
45,SERVIÇOS,DESPESAS GERAIS
46,DESPESAS COM FOPAG,DESPESAS COM FOPAG
47,CUSTOS PRODUTOS VENDIDOS,DESPESAS COM P&D
48,DEPRECIAÇÃO ACUMULADA,DEPRECIAÇÃO ACUMULADA
49,PARCELAMENTOS FISCAIS LP,PARCELAMENTOS FISCAIS LP
50,PROPRIEDADES PARA INVESTIMENTOS,PROPRIEDADES PARA INVESTIMENTOS
51,CUSTOS DIRETO OPERAÇÃO,CUSTOS DIRETO OPERAÇÃO
52,( + ) ROYATIES,( + ) ROYATIES
53,DESPESAS COMERCIAIS,DESPESAS COM P&D
54,PIS/COFINS,PIS/COFINS
55,PARCELAMENTOS FISCAIS LP,PARCELAMENTOS FISCAIS LP
56,ADIANTAMENTO DE CLIENTES,ADIANTAMENTO DE CLIENTES
57,CRÉDITO DE PIS/COFINS,CRÉDITO DE IRRF E CSLL
58,PROPRIEDADES PARA INVESTIMENTOS,IMOBILIZADO
59,INVESTIMENTOS,INVESTIMENTOS
60,INSS A PAGAR,ICMS A PAGAR
61,DESPESAS COM VIAGENS,DESPESAS COM P&D
62,CUSTOS GERAIS DE FABRICAÇÃO,DESPESAS GERAIS
63,DESPESAS GERAIS E ADMINISTRATIVAS,DESPESAS GERAIS E ADMINISTRATIVAS
64,( + ) ROYATIES,( + ) ROYATIES
65,PARCELAMENTOS DE TRIBUTOS,PARCELAMENTOS DE TRIBUTOS
66,( + ) ROYATIES,( + ) ROYATIES
67,OUTROS IMPOSTOS E TAXAS,OUTROS IMPOSTOS E TAXAS
68,ADIANTAMENTO DE CLIENTES,ADIANTAMENTO DE CLIENTES
69,DESPESAS COM SALÁRIOS,DESPESAS GERAIS
70,FORNECEDORES,FORNECEDORES NACIONAIS
71,CAPITAL SOCIAL,CAPITAL SOCIAL
72,CRÉDITO DE PIS/COFINS,CRÉDITO DE PIS/COFINS
73,ADIANTAMENTO DE DIVIDENDOS,DESPESAS COM P&D
74,PROVISÕES,PROVISÕES
75,OUTROS CRÉDITOS FISCAIS,CRÉDITO DE IR/CS
76,CONTAS A RECEBER,DESPESAS COM P&D
77,FORNECEDORES NACIONAIS,DESPESAS COM P&D
78,FORNECEDORES,ADIANTAMENTO DE CLIENTES
79,CUSTOS DOS SERVIÇOS E MATERIAIS,DESPESAS COM P&D
80,DESPESAS COM TERCEIROS,DESPESAS COM TERCEIROS
81,( + ) ROYATIES,( + ) ROYATIES
82,CRÉDITO DE PIS/COFINS,CRÉDITO DE PIS/COFINS
83,DESPESAS COM BENEFÍCIOS,DESPESAS GERAIS
84,DESPESAS GERAIS E ADMINISTRATIVAS,DESPESAS GERAIS E ADMINISTRATIVAS
85,CUSTOS COM VIAGENS,DESPESAS COM P&D
86,DESPESAS GERAIS E ADMINISTRATIVAS,DESPESAS GERAIS E ADMINISTRATIVAS
87,TÍTULOS A RECEBER,IMOBILIZADO
88,ATIVO INTANGÍVEL,ATIVO INTANGÍVEL
89,DESPESAS COM VIAGENS,DESPESAS GERAIS E ADMINISTRATIVAS
90,CRÉDITO DE IR/CS,CRÉDITO DE IR/CS
91,DESPESAS COM BENEFÍCIOS,DESPESAS COM SALÁRIOS
92,PROPRIEDADES PARA INVESTIMENTOS,PROPRIEDADES PARA INVESTIMENTOS
93,IMOBILIZADO,IMOBILIZADO
94,CRÉDITO DE IRRF E CSLL,CRÉDITO DE IRRF E CSLL
95,CUSTOS PRODUTOS VENDIDOS,DESPESAS COM P&D
96,DESPESAS GERAIS E ADMINISTRATIVAS,DESPESAS COM P&D
97,CAIXA E EQUIVALENTES DE CAIXA,DESPESAS COM SALÁRIOS
98,DESPESAS GERAIS E ADMINISTRATIVAS,DESPESAS GERAIS E ADMINISTRATIVAS
99,CRÉDITO DE IR/CS,CRÉDITO DE IR/CS
100,DESPESAS GERAIS E ADMINISTRATIVAS,DESPESAS GERAIS
101,FORNECEDORES,CLIENTES
102,ADIANTAMENTO DE CLIENTES,ADIANTAMENTO DE CLIENTES
103,( + ) ROYATIES,( + ) ROYATIES
104,ATIVO INTANGÍVEL,ATIVO INTANGÍVEL
105,CONTAS A RECEBER,CONTAS A RECEBER
106,ADIANTAMENTO DE CLIENTES,ADIANTAMENTO DE CLIENTES
107,DESPESAS COM ENCARGOS S/ FOLHA,DESPESAS COM ENCARGOS
108,DESPESAS GERAIS,DESPESAS GERAIS
109,( + ) ROYATIES,( + ) ROYATIES
110,OUTRAS DESPESAS COM FOPAG,DESPESAS COM SALÁRIOS
111,SERV DE TERCEIROS,SERV DE TERCEIROS
112,CUSTOS COM PRODUTOS,CUSTOS DIRETO OPERAÇÃO
113,CONTAS A RECEBER,CLIENTES
114,DESPESAS COMERCIAIS,DESPESAS GERAIS
115,DESPESAS COM P&D,DESPESAS COM P&D
116,APLICAÇÕES FINANCEIRAS,APLICAÇÕES FINANCEIRAS
117,MÚTUOS ATIVOS,DESPESAS COM P&D
118,CRÉDITO DE IR/CS,IR/CS CORRENTE
119,DESPESAS ANTECIPADAS,DESPESAS COM P&D
120,DESPESAS GERAIS E ADMINISTRATIVAS,DESPESAS GERAIS E ADMINISTRATIVAS
121,OUTRAS CONTAS A RECEBER,OUTRAS CONTAS A RECEBER
122,FORNECEDORES,FORNECEDORES
123,DESPESAS FINANCEIRAS,DESPESAS COM P&D
124,CAIXA E EQUIVALENTES DE CAIXA,CAIXA E EQUIVALENTES DE CAIXA
125,( + ) OUTRAS RECEITAS (DESP.) OPERACIONAIS,DESPESAS GERAIS
126,ADIANTAMENTO DE CLIENTES,ADIANTAMENTO DE CLIENTES
127,IMOBILIZADO,IMOBILIZADO
128,FORNECEDORES,DESPESAS COM P&D
129,ADIANTAMENTO A FUNCIONÁRIOS,ADIANTAMENTO A FUNCIONÁRIOS
130,CONTA CORRENTE,CONTA CORRENTE
131,CAPITAL SOCIAL,CAPITAL SOCIAL
132,DEPRECIAÇÃO ACUMULADA,DEPRECIAÇÃO ACUMULADA
133,DESPESAS COM TERCEIROS,DESPESAS COM TERCEIROS
134,DESPESAS GERAIS,DESPESAS GERAIS E ADMINISTRATIVAS
135,( + ) ROYATIES,( + ) ROYATIES
136,DESPESAS GERAIS,DESPESAS GERAIS
137,AMORTIZAÇÃO ACUMULADA,AMORTIZAÇÃO ACUMULADA
138,CAIXA E EQUIVALENTES DE CAIXA,CONTA CORRENTE
139,OUTROS IMPOSTOS E TAXAS,DESPESAS COM P&D
140,( + ) RECEITA FINANCEIRA,( + ) RECEITAS APLIC FINANCEIRAS
141,( + ) ROYATIES,( + ) ROYATIES
142,INVESTIMENTOS,INVESTIMENTOS
143,CONTAS A RECEBER,CONTAS A RECEBER
144,OUTROS IMPOSTOS E TAXAS,OUTROS IMPOSTOS E TAXAS
145,DESPESAS COM FOPAG,DESPESAS COM FOPAG
146,DESPESAS COM ENCARGOS S/ FOLHA,DESPESAS COM ENCARGOS
147,PARCELAMENTOS FISCAIS LP,PARCELAMENTOS FISCAIS LP
148,OUTRAS DESPESAS COM FOPAG,DESPESAS GERAIS
149,( + ) ROYATIES,( + ) ROYATIES
150,OUTROS IMPOSTOS A PAGAR,OUTROS IMPOSTOS A PAGAR
151,FORNECEDORES,FORNECEDORES
152,CONTA CORRENTE,CONTA CORRENTE
153,CRÉDITO DE PIS/COFINS,CRÉDITO DE PIS/COFINS
154,PIS/COFINS,PIS/COFINS
155,OUTROS IMPOSTOS A PAGAR,OUTROS IMPOSTOS A PAGAR
156,DESPESAS GERAIS,DESPESAS COM P&D
157,ADIANTAMENTO DE CLIENTES,ADIANTAMENTO DE CLIENTES
158,CUSTOS VARIÁVEIS - OUTROS,CUSTOS VARIÁVEIS - OUTROS
159,( + ) ROYATIES,( + ) ROYATIES
160,DESPESAS GERAIS,DESPESAS GERAIS
161,CUSTO SERVIÇOS PRESTADOS,DESPESAS COM SALÁRIOS
162,DESPESAS COM MARKETING,DESPESAS COM P&D
163,PARCELAMENTOS FISCAIS LP,PARCELAMENTOS FISCAIS LP
164,( + ) RECEITA FINANCEIRA,IR/CS CORRENTE
165,GERAIS E ADMINISTRATIVAS,DESPESAS COM P&D
166,INVESTIMENTOS,INVESTIMENTOS
167,PROPRIEDADES PARA INVESTIMENTOS,PROPRIEDADES PARA INVESTIMENTOS
168,PROVISÕES,PROVISÕES
169,DESPESAS INDEDUTIVEIS,OUTROS RESULTADOS
170,HUMAN RESOURCES MKT,HUMAN RESOURCES MKT
171,CUSTOS VARIÁVEIS - OUTROS,CUSTOS VARIÁVEIS - OUTROS
172,DEPRECIAÇÃO E AMORTIZAÇÃO,DEPRECIAÇÃO E AMORTIZAÇÃO
173,CRÉDITO DE PIS/COFINS,CRÉDITO DE PIS/COFINS
174,DEPRECIAÇÃO ACUMULADA,DEPRECIAÇÃO ACUMULADA
175,EMPRESAS RELACIONADAS,ADIANTAMENTO DE CLIENTES
176,CUSTOS COM ALUGUÉIS,DESPESAS GERAIS
177,ADIANTAMENTO A FORNECEDORES,FORNECEDORES NACIONAIS
178,ADIANTAMENTO DE CLIENTES,ADIANTAMENTO DE CLIENTES
179,ATIVO INTANGÍVEL,ATIVO INTANGÍVEL
180,ADIANTAMENTO A FORNECEDORES,FORNECEDORES NACIONAIS
181,CRÉDITO DE IR/CS,CRÉDITO DE PIS/COFINS
182,FOLHA DE PAGAMENTO,OUTRAS DESPESAS COM FOPAG
183,PREJUÍZOS ACUMULADOS,DESPESAS COM P&D
184,HUMAN RESOURCES MKT,HUMAN RESOURCES MKT
185,ADIANTAMENTO DE CLIENTES,ADIANTAMENTO DE CLIENTES
186,CAIXA E EQUIVALENTES DE CAIXA,CAIXA E EQUIVALENTES DE CAIXA
187,OUTROS IMPOSTOS E TAXAS,OUTROS IMPOSTOS E TAXAS
188,CAIXA E EQUIVALENTES DE CAIXA,CAIXA E EQUIVALENTES DE CAIXA
189,DESPESAS COM FOPAG,OUTROS RESULTADOS
190,DESPESAS FINANCEIRAS,DESPESAS FINANCEIRAS
191,ADIANTAMENTO DE CLIENTES,ADIANTAMENTO DE CLIENTES
192,CUSTOS DIRETO OPERAÇÃO,CUSTOS DIRETO OPERAÇÃO
193,CRÉDITO DE IR/CS,CRÉDITO DE IR/CS
194,( +/- ) RESULTADO DA EQUIVALÊNCIA PATRIMONIAL,( +/- ) RESULTADO PART SOCIETÁRIAS
195,ADIANTAMENTO DE CLIENTES,ADIANTAMENTO DE CLIENTES
196,CONTA CORRENTE ATIVO COM SÓCIOS,CONTA CORRENTE ATIVO COM SÓCIOS
197,IR/CS CORRENTE,IR/CS CORRENTE
198,CUSTOS DIRETO OPERAÇÃO,CUSTOS DIRETO OPERAÇÃO
199,FORNECEDORES,FORNECEDORES
200,ADIANTAMENTO DE CLIENTES,ADIANTAMENTO DE CLIENTES
201,INVESTIMENTOS,INVESTIMENTOS
202,APLICAÇÕES FINANCEIRAS,CAIXA E EQUIVALENTES DE CAIXA
203,FORNECEDORES,FORNECEDORES NACIONAIS
204,IMPOSTOS SOBRE VENDAS E SERVIÇOS,DESPESAS COM P&D
205,CONTAS A PAGAR,FORNECEDORES NACIONAIS
206,CUSTOS VARIÁVEIS - OUTROS,CUSTOS VARIÁVEIS - OUTROS
207,ICMS,PIS/COFINS
208,( + ) ROYATIES,( + ) ROYATIES
209,CRÉDITO DE IR/CS,CRÉDITO DE IR/CS
210,FORNECEDORES,FORNECEDORES
211,CLIENTES,CLIENTES
212,DESPESAS GERAIS,DESPESAS GERAIS
213,IMOBILIZADO,IMOBILIZADO
214,PIS/COFINS,PIS/COFINS
215,PIS/COFINS,PIS/COFINS
216,SERVIÇOS,DESPESAS GERAIS E ADMINISTRATIVAS
217,( +/- ) RESULTADO PART SOCIETÁRIAS,( +/- ) RESULTADO PART SOCIETÁRIAS
218,ADIANTAMENTO DE CLIENTES,ADIANTAMENTO DE CLIENTES
219,CLIENTES MERCADO INTERNO,OUTROS CRÉDITOS LP
220,OUTRAS,CAIXA E EQUIVALENTES DE CAIXA
221,EMPRÉSTIMOS LP,EMPRÉSTIMOS LP
222,DEPRECIAÇÃO E AMORTIZAÇÃO,DEPRECIAÇÃO E AMORTIZAÇÃO
223,CLIENTES,CLIENTES
224,CAIXA E EQUIVALENTES DE CAIXA,CAIXA E EQUIVALENTES DE CAIXA
225,CUSTOS DIRETO OPERAÇÃO,CUSTOS DIRETO OPERAÇÃO
226,DESPESAS FINANCEIRAS,DESPESAS FINANCEIRAS
227,OTHER OPERATIONAL EXPENSES,HUMAN RESOURCES MKT
228,CUSTOS COM VIAGENS,DESPESAS GERAIS
229,CONTA CORRENTE,CONTA CORRENTE
230,PIS/COFINS,ISS
231,IMOBILIZADO,IMOBILIZADO
232,OUTROS IMPOSTOS E TAXAS,OUTROS IMPOSTOS E TAXAS
233,DEPRECIAÇÃO E AMORTIZAÇÃO,DEPRECIAÇÃO E AMORTIZAÇÃO
234,OUTROS VALORES A RECEBER,ADIANTAMENTO A FUNCIONÁRIOS
235,DESPESAS GERAIS,DESPESAS GERAIS
236,( + ) ROYATIES,( + ) ROYATIES
237,SALÁRIO A PAGAR,OUTROS IMPOSTOS A PAGAR
238,FORNECEDORES,FORNECEDORES
239,IMOBILIZADO,IMOBILIZADO
240,DESPESAS COM FOPAG,DESPESAS COM FOPAG
241,IR/CS A PAGAR,CRÉDITO DE IR/CS
242,ADIANTAMENTO DE CLIENTES,ADIANTAMENTO DE CLIENTES
243,CAIXA E EQUIVALENTES DE CAIXA,CAIXA E EQUIVALENTES DE CAIXA
244,PIS/COFINS,PIS/COFINS
245,DESCONTOS CONCEDIDOS,DESPESAS FINANCEIRAS
246,CONTAS A RECEBER,CONTAS A RECEBER
247,INVESTIMENTOS,INVESTIMENTOS
248,PROVISÃO PARA IMPAIRMENT,DESPESAS COM P&D
249,DESPESAS ANTECIPADAS,DESPESAS GERAIS
250,DEPRECIAÇÃO E AMORTIZAÇÃO,DEPRECIAÇÃO E AMORTIZAÇÃO
251,DEPRECIAÇÃO ACUMULADA,DEPRECIAÇÃO ACUMULADA
252,CONTA CORRENTE,CONTA CORRENTE
253,CRÉDITO DE IRRF E CSLL,CRÉDITO DE IRRF E CSLL
254,DESPESAS COM SALÁRIOS,DESPESAS COM SALÁRIOS
255,PIS/COFINS A PAGAR,ICMS A PAGAR
256,SALÁRIOS E ORDENADOS,DESPESAS COM TERCEIROS
257,FORNECEDORES,FORNECEDORES
258,CONTA CORRENTE,CONTA CORRENTE
259,DEPRECIAÇÃO E AMORTIZAÇÃO,DEPRECIAÇÃO E AMORTIZAÇÃO
260,DESPESAS COM FOPAG,DESPESAS COM FOPAG
261,PARCELAMENTOS FISCAIS LP,PARCELAMENTOS FISCAIS LP
262,IR/CS A PAGAR,IR/CS A PAGAR
263,DESPESAS GERAIS E ADMINISTRATIVAS,DESPESAS GERAIS E ADMINISTRATIVAS
264,CLIENTES,ADIANTAMENTO DE CLIENTES
265,ADIANTAMENTO DE CLIENTES,ADIANTAMENTO DE CLIENTES
266,( + ) ROYATIES,( + ) ROYATIES
267,( + ) RECEITA FINANCEIRA,CUSTOS DOS SERVIÇOS
268,FOLHA DE PAGAMENTO,DESPESAS COM P&D
269,DESPESAS GERAIS E ADMINISTRATIVAS,DESPESAS COM P&D
270,FORNECEDORES,CLIENTES
271,EMPRÉSTIMOS LP,EMPRÉSTIMOS LP
272,CONTAS A PAGAR,FORNECEDORES NACIONAIS
273,PROPRIEDADES PARA INVESTIMENTOS,IMOBILIZADO
274,REEMBOLSO DE DESPESAS,DESPESAS COM P&D
275,( + ) ROYATIES,( + ) ROYATIES
276,INVESTIMENTOS,INVESTIMENTOS
277,DESPESAS COM MARKETING,DESPESAS GERAIS E ADMINISTRATIVAS
278,( + ) ROYATIES,( + ) ROYATIES
279,SERVIÇOS,DESPESAS COM P&D
280,ADIANTAMENTO A FUNCIONÁRIOS,ADIANTAMENTO A FUNCIONÁRIOS
281,( + ) RECEITA BRUTA,DESPESAS GERAIS E ADMINISTRATIVAS
282,DESPESAS COM P&D,DESPESAS GERAIS E ADMINISTRATIVAS
283,HUMAN RESOURCES - COGS,HUMAN RESOURCES MKT
284,ATIVO INTANGÍVEL,ATIVO INTANGÍVEL
285,DESPESAS COM FOPAG,DESPESAS COM FOPAG
286,CLIENTES,CLIENTES
287,PIS/COFINS,ISS
288,IR/CS A PAGAR,IR/CS A PAGAR
289,DESPESAS COM ENCARGOS S/ FOLHA,DESPESAS COM ENCARGOS
290,CAIXA E EQUIVALENTES DE CAIXA,CAIXA E EQUIVALENTES DE CAIXA
291,ADIANTAMENTOS,DESPESAS COM P&D
292,DESPESAS COM JUROS,DESPESAS FINANCEIRAS
293,( + ) ROYATIES,( + ) ROYATIES
294,DESPESAS OPERACIONAIS,DESPESAS COM P&D
295,INVESTIMENTOS,INVESTIMENTOS
296,OUTROS VALORES A RECEBER,OUTROS CRÉDITOS LP
297,INSTALAÇÕES,DESPESAS COM P&D
298,EMPRÉSTIMOS LP,EMPRÉSTIMOS LP
299,CAIXA E EQUIVALENTES DE CAIXA,CAIXA E EQUIVALENTES DE CAIXA
300,PARCELAMENTOS DE TRIBUTOS,PARCELAMENTOS DE TRIBUTOS
301,ALUGUÉIS E CONDOMÍNIOS,DESPESAS COM P&D
302,IMPOSTOS E CONTRIBUIÇÕES DIFERIDOS,IR/CS A PAGAR
303,DESPESAS COM P&D,DESPESAS GERAIS
304,ADIANTAMENTO A FUNCIONÁRIOS,ADIANTAMENTO A FUNCIONÁRIOS
305,PROVISÕES,PROVISÕES
306,DESPESAS GERAIS E ADMINISTRATIVAS,PIS/COFINS
307,DESPESAS GERAIS,DESPESAS GERAIS
308,DESPESAS COM MARKETING,DESPESAS COM P&D
309,CONTAS A PAGAR,FORNECEDORES NACIONAIS
310,IMOBILIZADO,IMOBILIZADO
311,FOLHA DE PAGAMENTO,DESPESAS COM P&D
312,IMOBILIZADO,IMOBILIZADO
313,IR/CS A PAGAR,IR/CS A PAGAR
314,FOLHA DE PAGAMENTO,DESPESAS COM P&D
315,CUSTOS VARIÁVEIS - OUTROS,CUSTOS VARIÁVEIS - OUTROS
316,OUTROS IMPOSTOS A PAGAR,OUTROS IMPOSTOS A PAGAR
317,ADIANTAMENTO A FORNECEDORES,EMPRÉSTIMOS A LOJISTAS - LP
318,ADIANTAMENTO DE CLIENTES,ADIANTAMENTO DE CLIENTES
319,CONTAS A RECEBER,CONTAS A RECEBER
320,CUSTOS DIRETO OPERAÇÃO,CUSTOS DIRETO OPERAÇÃO
321,OUTROS IMPOSTOS E TAXAS,OUTROS IMPOSTOS E TAXAS
322,CUSTOS DIRETO OPERAÇÃO,CUSTOS DIRETO OPERAÇÃO
323,PROVISÕES,PROVISÕES
324,ENCARGOS A PAGAR,DESPESAS COM ENCARGOS
325,CUSTOS DIRETO OPERAÇÃO,CUSTOS DIRETO OPERAÇÃO
326,CRÉDITO DE IRRF E CSLL,CRÉDITO DE IRRF E CSLL
327,OUTROS IMPOSTOS A PAGAR,OUTROS IMPOSTOS A PAGAR
328,FORNECEDORES,FORNECEDORES
329,SERVIÇOS,DESPESAS GERAIS
330,PROPRIEDADES PARA INVESTIMENTOS,PROPRIEDADES PARA INVESTIMENTOS
331,DEPRECIAÇÃO ACUMULADA,DEPRECIAÇÃO ACUMULADA
332,OUTROS CUSTOS OPERACIONAIS,OUTROS RESULTADOS
333,PIS/COFINS,PIS/COFINS
334,HUMAN RESOURCES MKT,HUMAN RESOURCES MKT
335,PROVISÕES,PROVISÕES
336,CONTAS A RECEBER,INVESTIMENTOS
337,ADIANTAMENTO DE CLIENTES,ADIANTAMENTO DE CLIENTES
338,DESPESAS GERAIS,DESPESAS GERAIS
339,PROPRIEDADES PARA INVESTIMENTOS,PROPRIEDADES PARA INVESTIMENTOS
340,EMPRÉSTIMOS LP,EMPRÉSTIMOS LP
341,CONTA CORRENTE,CONTA CORRENTE
342,DESPESAS COM MARKETING,DESPESAS COM P&D
343,HUMAN RESOURCES - COGS,HUMAN RESOURCES MKT
344,OUTRAS DESPESAS COM FOPAG,OUTRAS DESPESAS COM FOPAG
345,DESPESAS GERAIS E ADMINISTRATIVAS,DESPESAS GERAIS E ADMINISTRATIVAS
346,OFFLINE MARKETING,HUMAN RESOURCES MKT
347,ADIANTAMENTO DE CLIENTES,ADIANTAMENTO DE CLIENTES
348,ADIANTAMENTO DE CLIENTES,ADIANTAMENTO DE CLIENTES
349,CAIXA E EQUIVALENTES DE CAIXA,CAIXA E EQUIVALENTES DE CAIXA
350,INVESTIMENTOS,INVESTIMENTOS
351,PARCELAMENTOS FISCAIS,CLIENTES
352,ENCARGOS A PAGAR,DESPESAS COM ENCARGOS
353,OUTROS ATIVOS,DESPESAS COM P&D
354,( + ) ROYATIES,( + ) ROYATIES
355,DESPESAS COM ENERGIA ELÉTRICA,DESPESAS GERAIS
356,( + ) RECEITA NO PAIS,( + ) RECEITA NO PAIS
357,DEPÓSITOS JUDICIAIS,ADIANTAMENTO A FORNECEDORES
358,DESPESAS FINANCEIRAS,DESPESAS FINANCEIRAS
359,AMORTIZAÇÃO ACUMULADA,AMORTIZAÇÃO ACUMULADA
360,CONTAS A PAGAR,FORNECEDORES NACIONAIS
361,ATIVO INTANGÍVEL,ATIVO INTANGÍVEL
362,DESPESAS COM ENCARGOS S/ FOLHA,DESPESAS COM ENCARGOS
363,DEPRECIAÇÃO ACUMULADA,DEPRECIAÇÃO ACUMULADA
364,ENCARGOS A PAGAR,DESPESAS COM ENCARGOS
365,DESPESAS GERAIS E ADMINISTRATIVAS,DESPESAS GERAIS
366,CUSTOS COM FRETE,DESPESAS GERAIS E ADMINISTRATIVAS
367,ADIANTAMENTO DE CLIENTES,ADIANTAMENTO DE CLIENTES
368,EMPRÉSTIMOS A LOJISTAS - LP,IR/CS A PAGAR
369,DESPESAS GERAIS E ADMINISTRATIVAS,DESPESAS GERAIS E ADMINISTRATIVAS
370,OTHER OPERATIONAL EXPENSES,HUMAN RESOURCES MKT
371,DESPESAS FINANCEIRAS,DESPESAS FINANCEIRAS
372,ADIANTAMENTO DE CLIENTES,ADIANTAMENTO DE CLIENTES
373,PIS/COFINS,PIS/COFINS
374,DEPRECIAÇÃO ACUMULADA,DEPRECIAÇÃO ACUMULADA
375,PARCELAMENTOS DE TRIBUTOS,PARCELAMENTOS DE TRIBUTOS
376,ICMS,DESPESAS COM P&D
377,CAPITAL SOCIAL,CAPITAL SOCIAL
378,( + ) ROYATIES,( + ) ROYATIES
379,HUMAN RESOURCES MKT,DESPESAS COM FOPAG
380,OUTRAS OBRIGAÇÕES,FORNECEDORES NACIONAIS
381,DESPESAS COM TERCEIROS,DESPESAS GERAIS E ADMINISTRATIVAS
382,OUTROS IMPOSTOS A PAGAR,OUTROS IMPOSTOS A PAGAR
383,DESPESAS GERAIS E ADMINISTRATIVAS,DESPESAS COM P&D
384,DESPESAS GERAIS E ADMINISTRATIVAS,DESPESAS GERAIS E ADMINISTRATIVAS
385,IR/CS A PAGAR,IR/CS A PAGAR
386,DESPESAS COM TERCEIROS,DESPESAS COM TERCEIROS
387,ADIANTAMENTOS DIVERSOS,ADIANTAMENTO A FUNCIONÁRIOS
388,CRÉDITO DE IR/CS,CRÉDITO DE IR/CS
389,OUTRAS DESPESAS COM FOPAG,DESPESAS COM SALÁRIOS
390,OFFLINE MARKETING,HUMAN RESOURCES MKT
391,PARCELAMENTOS DE TRIBUTOS,PARCELAMENTOS DE TRIBUTOS
392,DESPESAS COM MARKETING,DESPESAS GERAIS E ADMINISTRATIVAS
393,CRÉDITO DE IR/CS,CRÉDITO DE IR/CS
394,DESPESAS COM UTILIDADES,DESPESAS GERAIS E ADMINISTRATIVAS
395,DESPESAS COM TERCEIROS,DESPESAS COM TERCEIROS
396,( + ) ROYATIES,( + ) ROYATIES
397,ADIANTAMENTO DE CLIENTES,ADIANTAMENTO DE CLIENTES
398,( + ) RECEITA EXTERIOR,( + ) RECEITA EXTERIOR
399,PROVISÕES,PROVISÕES
400,ADIANTAMENTO DE CLIENTES,ADIANTAMENTO DE CLIENTES
401,CRÉDITO DE PIS/COFINS,CRÉDITO DE IRRF E CSLL
402,CUSTOS DIRETO OPERAÇÃO,CUSTOS DIRETO OPERAÇÃO
403,CAIXA E EQUIVALENTES DE CAIXA,CAIXA E EQUIVALENTES DE CAIXA
404,CUSTOS COM UTILIDADES,DESPESAS COM P&D
405,OUTROS IMPOSTOS E TAXAS,DESPESAS FINANCEIRAS
406,CUSTOS DIRETO OPERAÇÃO,CUSTOS DIRETO OPERAÇÃO
407,OUTRAS CONTAS A PAGAR,ADIANTAMENTO DE CLIENTES
408,DESPESAS COM BENEFÍCIOS,DESPESAS COM FOPAG
409,INVESTIMENTOS,DESPESAS COM P&D
410,( +/- ) RESULTADO PART SOCIETÁRIAS,( +/- ) RESULTADO PART SOCIETÁRIAS
411,OUTROS CRÉDITOS LP,OUTROS CRÉDITOS LP
412,ATIVO INTANGÍVEL,ATIVO INTANGÍVEL
413,DESPESAS FINANCEIRAS,DESPESAS FINANCEIRAS
